{"app":["/app-ebcd1987a4ede7e31851.js"],"component---src-pages-404-js":["/component---src-pages-404-js-07602e0b0aadfad75ba2.js"],"component---src-pages-index-js":["/component---src-pages-index-js-ac782f167b1fb9b7cb29.js"],"component---src-templates-default-page-template-js":["/component---src-templates-default-page-template-js-95059d231c14c3ae0441.js"],"component---src-templates-post-js":["/component---src-templates-post-js-c33fd09f98ea25735f06.js"],"component---src-templates-template-about-js":["/component---src-templates-template-about-js-5421ed9c52bdf01a165f.js"],"component---src-templates-template-product-parent-js":["/component---src-templates-template-product-parent-js-dd471afa52035c9a7d0f.js"],"component---src-templates-template-productsingle-js":["/component---src-templates-template-productsingle-js-f41265ff37506fa4df3d.js"]}