{"errors":[],"warnings":[],"namedChunkGroups":{"app":{"chunks":[12,11,3],"assets":["webpack-runtime-20bc785e36bbfb86af2a.js","webpack-runtime-20bc785e36bbfb86af2a.js.map","framework-59a9ef51c55d9b62f7de.js","framework-59a9ef51c55d9b62f7de.js.map","app-ebcd1987a4ede7e31851.js","app-ebcd1987a4ede7e31851.js.map"],"children":{},"childAssets":{}},"component---src-pages-404-js":{"chunks":[1,0,4],"assets":["styles.765137a2f23fd82b80d4.css","styles-823ae8103e36ae8a7f9f.js","styles-823ae8103e36ae8a7f9f.js.map","commons-db7dfa4e60254dda11f8.js","commons-db7dfa4e60254dda11f8.js.map","component---src-pages-404-js-07602e0b0aadfad75ba2.js","component---src-pages-404-js-07602e0b0aadfad75ba2.js.map"],"children":{},"childAssets":{}},"component---src-pages-index-js":{"chunks":[1,0,2,5],"assets":["styles.765137a2f23fd82b80d4.css","styles-823ae8103e36ae8a7f9f.js","styles-823ae8103e36ae8a7f9f.js.map","commons-db7dfa4e60254dda11f8.js","commons-db7dfa4e60254dda11f8.js.map","c41493b86c6a0b4a9194bc1c18d4d6ebe2ac62dd-70110aec8dc284592b1b.js","c41493b86c6a0b4a9194bc1c18d4d6ebe2ac62dd-70110aec8dc284592b1b.js.map","component---src-pages-index-js-ac782f167b1fb9b7cb29.js","component---src-pages-index-js-ac782f167b1fb9b7cb29.js.map"],"children":{},"childAssets":{}},"component---src-templates-default-page-template-js":{"chunks":[1,0,6],"assets":["styles.765137a2f23fd82b80d4.css","styles-823ae8103e36ae8a7f9f.js","styles-823ae8103e36ae8a7f9f.js.map","commons-db7dfa4e60254dda11f8.js","commons-db7dfa4e60254dda11f8.js.map","component---src-templates-default-page-template-js-95059d231c14c3ae0441.js","component---src-templates-default-page-template-js-95059d231c14c3ae0441.js.map"],"children":{},"childAssets":{}},"component---src-templates-post-js":{"chunks":[1,0,7],"assets":["styles.765137a2f23fd82b80d4.css","styles-823ae8103e36ae8a7f9f.js","styles-823ae8103e36ae8a7f9f.js.map","commons-db7dfa4e60254dda11f8.js","commons-db7dfa4e60254dda11f8.js.map","component---src-templates-post-js-c33fd09f98ea25735f06.js","component---src-templates-post-js-c33fd09f98ea25735f06.js.map"],"children":{},"childAssets":{}},"component---src-templates-template-about-js":{"chunks":[1,0,2,8],"assets":["styles.765137a2f23fd82b80d4.css","styles-823ae8103e36ae8a7f9f.js","styles-823ae8103e36ae8a7f9f.js.map","commons-db7dfa4e60254dda11f8.js","commons-db7dfa4e60254dda11f8.js.map","c41493b86c6a0b4a9194bc1c18d4d6ebe2ac62dd-70110aec8dc284592b1b.js","c41493b86c6a0b4a9194bc1c18d4d6ebe2ac62dd-70110aec8dc284592b1b.js.map","component---src-templates-template-about-js-5421ed9c52bdf01a165f.js","component---src-templates-template-about-js-5421ed9c52bdf01a165f.js.map"],"children":{},"childAssets":{}},"component---src-templates-template-product-parent-js":{"chunks":[1,0,2,9],"assets":["styles.765137a2f23fd82b80d4.css","styles-823ae8103e36ae8a7f9f.js","styles-823ae8103e36ae8a7f9f.js.map","commons-db7dfa4e60254dda11f8.js","commons-db7dfa4e60254dda11f8.js.map","c41493b86c6a0b4a9194bc1c18d4d6ebe2ac62dd-70110aec8dc284592b1b.js","c41493b86c6a0b4a9194bc1c18d4d6ebe2ac62dd-70110aec8dc284592b1b.js.map","component---src-templates-template-product-parent-js-dd471afa52035c9a7d0f.js","component---src-templates-template-product-parent-js-dd471afa52035c9a7d0f.js.map"],"children":{},"childAssets":{}},"component---src-templates-template-productsingle-js":{"chunks":[1,0,2,10],"assets":["styles.765137a2f23fd82b80d4.css","styles-823ae8103e36ae8a7f9f.js","styles-823ae8103e36ae8a7f9f.js.map","commons-db7dfa4e60254dda11f8.js","commons-db7dfa4e60254dda11f8.js.map","c41493b86c6a0b4a9194bc1c18d4d6ebe2ac62dd-70110aec8dc284592b1b.js","c41493b86c6a0b4a9194bc1c18d4d6ebe2ac62dd-70110aec8dc284592b1b.js.map","component---src-templates-template-productsingle-js-f41265ff37506fa4df3d.js","component---src-templates-template-productsingle-js-f41265ff37506fa4df3d.js.map"],"children":{},"childAssets":{}}},"assetsByChunkName":{"app":["webpack-runtime-20bc785e36bbfb86af2a.js","framework-59a9ef51c55d9b62f7de.js","app-ebcd1987a4ede7e31851.js"],"component---src-pages-404-js":["styles.765137a2f23fd82b80d4.css","styles-823ae8103e36ae8a7f9f.js","commons-db7dfa4e60254dda11f8.js","component---src-pages-404-js-07602e0b0aadfad75ba2.js"],"component---src-pages-index-js":["styles.765137a2f23fd82b80d4.css","styles-823ae8103e36ae8a7f9f.js","commons-db7dfa4e60254dda11f8.js","c41493b86c6a0b4a9194bc1c18d4d6ebe2ac62dd-70110aec8dc284592b1b.js","component---src-pages-index-js-ac782f167b1fb9b7cb29.js"],"component---src-templates-default-page-template-js":["styles.765137a2f23fd82b80d4.css","styles-823ae8103e36ae8a7f9f.js","commons-db7dfa4e60254dda11f8.js","component---src-templates-default-page-template-js-95059d231c14c3ae0441.js"],"component---src-templates-post-js":["styles.765137a2f23fd82b80d4.css","styles-823ae8103e36ae8a7f9f.js","commons-db7dfa4e60254dda11f8.js","component---src-templates-post-js-c33fd09f98ea25735f06.js"],"component---src-templates-template-about-js":["styles.765137a2f23fd82b80d4.css","styles-823ae8103e36ae8a7f9f.js","commons-db7dfa4e60254dda11f8.js","c41493b86c6a0b4a9194bc1c18d4d6ebe2ac62dd-70110aec8dc284592b1b.js","component---src-templates-template-about-js-5421ed9c52bdf01a165f.js"],"component---src-templates-template-product-parent-js":["styles.765137a2f23fd82b80d4.css","styles-823ae8103e36ae8a7f9f.js","commons-db7dfa4e60254dda11f8.js","c41493b86c6a0b4a9194bc1c18d4d6ebe2ac62dd-70110aec8dc284592b1b.js","component---src-templates-template-product-parent-js-dd471afa52035c9a7d0f.js"],"component---src-templates-template-productsingle-js":["styles.765137a2f23fd82b80d4.css","styles-823ae8103e36ae8a7f9f.js","commons-db7dfa4e60254dda11f8.js","c41493b86c6a0b4a9194bc1c18d4d6ebe2ac62dd-70110aec8dc284592b1b.js","component---src-templates-template-productsingle-js-f41265ff37506fa4df3d.js"]}}