{"data":{"allWordpressMenusMenusItems":{"edges":[{"node":{"count":3,"items":[{"title":"About","url":"https://mortlock.dilatedigital.com.au/about/","wordpress_id":191,"slug":"about"},{"title":"News","url":"https://mortlock.dilatedigital.com.au/news/","wordpress_id":190,"slug":"news"},{"title":"Contact Us","url":"https://mortlock.dilatedigital.com.au/contact-us/","wordpress_id":189,"slug":"contact-us"}]}},{"node":{"count":5,"items":[{"title":"Timber Decking","url":"https://mortlock.dilatedigital.com.au/timber-decking/","wordpress_id":194,"slug":"timber-decking"},{"title":"Timber Ceilings","url":"https://mortlock.dilatedigital.com.au/timber-ceilings/","wordpress_id":192,"slug":"timber-ceilings"},{"title":"Timber Walls","url":"https://mortlock.dilatedigital.com.au/timber-walls/","wordpress_id":193,"slug":"timber-walls"},{"title":"Portfolio","url":"https://mortlock.dilatedigital.com.au/portfolio/","wordpress_id":196,"slug":"portfolio"},{"title":"Pricing","url":"https://mortlock.dilatedigital.com.au/pricing/","wordpress_id":195,"slug":"pricing"}]}}]},"wordpressAcfOptions":{"options":{"header_top_background_color":"#312f30","header_phone_number":"1800 894 400","header_button_text":"Request a quote","header_button_link":"/request-a-quote","show_header_top_menu":true,"show_header_button":true,"main_header_logo":{"wordpress_id":141,"title":"mortlock-timber-logo","filename":"mortlock-timber-logo.svg","filesize":3789,"link":"https://mortlock.dilatedigital.com.au/mortlock-timber-logo/","alt":"","author":"1","description":"","caption":"","name":"mortlock-timber-logo","status":"inherit","uploaded_to":0,"date":"2020-07-02 04:33:52","modified":"2020-07-02 04:33:52","menu_order":0,"mime_type":"image/svg+xml","type":"image","subtype":"svg+xml","icon":"https://mortlock.dilatedigital.com.au/wp-includes/images/media/default.png","width":0,"height":0}}}}}