{"data":{"allWordpressMenusMenusItems":{"edges":[{"node":{"count":3,"items":[{"title":"About","url":"https://mortlock.dilatedigital.com.au/about/","wordpress_id":191,"slug":"about"},{"title":"News","url":"https://mortlock.dilatedigital.com.au/news/","wordpress_id":190,"slug":"news"},{"title":"Contact Us","url":"https://mortlock.dilatedigital.com.au/contact-us/","wordpress_id":189,"slug":"contact-us"}]}},{"node":{"count":5,"items":[{"title":"Timber Decking","url":"https://mortlock.dilatedigital.com.au/timber-decking/","wordpress_id":194,"slug":"timber-decking"},{"title":"Timber Ceilings","url":"https://mortlock.dilatedigital.com.au/timber-ceilings/","wordpress_id":192,"slug":"timber-ceilings"},{"title":"Timber Walls","url":"https://mortlock.dilatedigital.com.au/timber-walls/","wordpress_id":193,"slug":"timber-walls"},{"title":"Portfolio","url":"https://mortlock.dilatedigital.com.au/portfolio/","wordpress_id":196,"slug":"portfolio"},{"title":"Pricing","url":"https://mortlock.dilatedigital.com.au/pricing/","wordpress_id":195,"slug":"pricing"}]}}]}}}